[{
    "section": {
      "id": "1",
      "name": "Fetus",
      "row": "2",
      "item": [{
        "value": "",
        "col": "2",
        "type": "RADIO",
        "state": "Intrauterine fetus with good cardiac activity seen:freetext"
      }]
    }
  },
  {
    "section": {
      "id": "2",
      "name": "Fetal Heart Rate is",
      "row": "-1",
      "item": [{
        "value": "",
        "col": "1",
        "type": "TEXT",
        "state": "*.* beats per minute"
      }]
    }
  },
  {
    "section": {
      "id": "3",
      "name": "Heart",
      "row": "-1",
      "item": [{
        "value": "",
        "col": "1",
        "type": "TEXT",
        "state": "is left sided"
      }]
    }
  },
  {
    "section": {
      "id": "4",
      "name": "Stomach",
      "row": "-1",
      "item": [{
        "value": "",
        "col": "1",
        "type": "TEXT",
        "state": "is left sided"
      }]
    }
  },
  {
    "section": {
      "id": "5",
      "name": "Fetal Cranium",
      "row": "-1",
      "item": [{
        "value": "",
        "col": "1",
        "type": "TEXT",
        "state": "Normal"
      }]
    }
  },
  {
    "section": {
      "id": "6",
      "name": "Urinary Bladder",
      "row": "-1",
      "item": [{
        "value": "",
        "col": "1",
        "type": "TEXT",
        "state": "Normal"
      }]
    }
  },
  {
    "section": {
      "id": "7",
      "name": "Anterior Abdominal wall",
      "row": "-1",
      "item": [{
        "value": "",
        "col": "1",
        "type": "TEXT",
        "state": "Normal"
      }]
    }
  },
  {
    "section": {
      "id": "8",
      "name": "Limb Survey",
      "row": "-1",
      "item": [{
        "value": "",
        "col": "1",
        "type": "TEXT",
        "state": "Normal"
      }]
    }
  },
  {
    "section": {
      "id": "9",
      "name": "Facial Profile",
      "row": "-1",
      "item": [{
        "value": "",
        "col": "1",
        "type": "TEXT",
        "state": "Normal"
      }]
    }
  },
  {
    "section": {
      "id": "10",
      "name": "Nuchal translucency",
      "row": "-1",
      "item": [{
        "value": "",
        "col": "1",
        "type": "TEXT",
        "state": "of *.* mm noted"
      }]
    }
  },
  {
    "section": {
      "id": "11",
      "name": "Nasal bone",
      "row": "-1",
      "item": [{
        "value": "",
        "col": "1",
        "type": "TEXT",
        "state": "of *.* mm noted"
      }]
    }
  },
  {
    "section": {
      "id": "12",
      "name": "Intracranial translucency",
      "row": "-1",
      "item": [{
        "value": "",
        "col": "1",
        "type": "TEXT",
        "state": "appears normal"
      }]
    }
  },
  {
    "section": {
      "id": "13",
      "name": "Tricuspid regurgitation",
      "row": "-1",
      "item": [{
        "value": "",
        "col": "1",
        "type": "TEXT",
        "state": "is not seen"
      }]
    }
  },
  {
    "section": {
      "id": "14",
      "name": "Ductus venosus",
      "row": "-1",
      "item": [{
        "value": "",
        "col": "1",
        "type": "TEXT",
        "state": "flow is normal  (PI : *.*)"
      }]
    }
  },
  {
    "section": {
      "id": "15",
      "name": "CRL",
      "row": "-1",
      "item": [{
        "value": "",
        "col": "1",
        "type": "TEXT",
        "state": "*.* cm"
      }]
    }
  },
  {
    "section": {
      "id": "16",
      "name": "BPD",
      "row": "-1",
      "item": [{
        "value": "",
        "col": "1",
        "type": "TEXT",
        "state": "*.* cm"
      }]
    }
  },
  {
    "section": {
      "id": "17",
      "name": "HC",
      "row": "-1",
      "item": [{
        "value": "",
        "col": "1",
        "type": "TEXT",
        "state": "*.* cm"
      }]
    }
  },
  {
    "section": {
      "id": "18",
      "name": "AC",
      "row": "-1",
      "item": [{
        "value": "",
        "col": "1",
        "type": "TEXT",
        "state": "*.* cm"
      }]
    }
  },
  {
    "section": {
      "id": "19",
      "name": "FL",
      "row": "-1",
      "item": [{
        "value": "",
        "col": "1",
        "type": "TEXT",
        "state": "*.* cm"
      }]
    }
  },
  {
    "section": {
      "id": "20",
      "name": "Calculated gestational age",
      "row": "-1",
      "item": [{
        "value": "",
        "col": "1",
        "type": "TEXT",
        "state": "is *.* weeks and *.* days"
      }]
    }
  },
  {
    "section": {
      "id": "21",
      "name": "Placental Implantation",
      "row": "-1",
      "item": [{
        "value": "",
        "col": "1",
        "type": "RADIO",
        "state": "is anterior:is posterior:free text"
      }]
    }
  },
  {
    "section": {
      "id": "22",
      "name": "Retroplacental / Subchorionic Heamatoma",
      "row": "-1",
      "item": [{
        "value": "",
        "col": "1",
        "type": "RADIO",
        "state": "is not seen:is seen, *.* details:free text"
      }]
    }
  },
  {
    "section": {
      "id": "23",
      "name": "Lower margin of placenta",
      "row": "-1",
      "item": [{
        "value": "",
        "col": "1",
        "type": "RADIO",
        "state": "is well above the internal os:is *.* cm above the internal os"
      }]
    }
  },
  {
    "section": {
      "id": "24",
      "name": "Liquor",
      "row": "-1",
      "item": [{
        "value": "",
        "col": "1",
        "type": "RADIO",
        "state": "is adequate:freetext"
      }]
    }
  },
  {
    "section": {
      "id": "25",
      "name": "Cervical length",
      "row": "-1",
      "item": [{
        "value": "",
        "col": "1",
        "type": "TEXT",
        "state": "*.* cm"
      }]
    }
  },
  {
    "section": {
      "id": "26",
      "name": "Internal os",
      "row": "-1",
      "item": [{
        "value": "",
        "col": "1",
        "type": "RADIO",
        "state": "is closed:free text"
      }]
    }
  },
  {
    "section": {
      "id": "27",
      "name": "Trisomy 21",
      "row": "-1",
      "item": [{
          "value": "",
          "col": "2",
          "type": "TEXT",
          "state": "1: *.*"
        },
        {
          "value": "",
          "col": "2",
          "type": "TEXT",
          "state": "1: *.*"
        }
      ]
    }
  },
  {
    "section": {
      "id": "28",
      "name": "Trisomy 18",
      "row": "-1",
      "item": [{
          "value": "",
          "col": "2",
          "type": "TEXT",
          "state": "1: *.*"
        },
        {
          "value": "",
          "col": "2",
          "type": "TEXT",
          "state": "1: *.*"
        }
      ]
    }
  },
  {
    "section": {
      "id": "29",
      "name": "Trisomy 13",
      "row": "-1",
      "item": [{
          "value": "",
          "col": "2",
          "type": "TEXT",
          "state": "1: *.*"
        },
        {
          "value": "",
          "col": "2",
          "type": "TEXT",
          "state": "1: *.*"
        }
      ]
    }
  },
  {
    "section": {
      "id": "30",
      "name": "Left Uterine Artery PI",
      "row": "-1",
      "item": [{
        "value": "",
        "col": "1",
        "type": "TEXT",
        "state": "= *.* (no notch)"
      }]
    }
  },
  {
    "section": {
      "id": "31",
      "name": "Right Uterine Artery PI",
      "row": "-1",
      "item": [{
        "value": "",
        "col": "1",
        "type": "TEXT",
        "state": "= *.* (no notch)"
      }]
    }
  },
  {
    "section": {
      "id": "32",
      "name": "Mean PI",
      "row": "-1",
      "item": [{
        "value": "",
        "col": "1",
        "type": "TEXT",
        "state": "= *.*"
      }]
    }
  }
]