[{
    "se": {
      "type": "section",
      "name": "Uterus",
      "row": "1",
      "item": [{
        "visible": "false",
        "col": "1",
        "type": "RADIO",
        "state": "is anteverted and gravid",
        "stateoption": "is anteverted and gravid:is retroverted and gravid:*.*",
        "impression": ""
      }]
    }
  },
  {
    "se": {
      "type": "section",
      "name": "Intrauterine Gestational Sac",
      "row": "2",
      "item": [{
        "visible": "false",
        "col": "2",
        "type": "RADIO",
        "state": "is not seen",
        "stateoption": "is not seen:is seen; Size *.*  x  *.*   x *.*  cm:*.*",
        "impression": "Intrauterine Gestational Sac"
      }]
    }
  },
  {
    "se": {
      "type": "section",
      "name": "Sac Margins",
      "row": "-1",
      "item": [{
        "visible": "true",
        "col": "1",
        "type": "RADIO",
        "state": "are regular",
        "stateoption": "are regular:are slightly irregular",
        "impression": "Blighted Ovum (Anembryonic Gestation)"
      }]
    }
  },
  {
    "se": {
      "type": "table",
      "name": "selva",
      "row": "-1",
      "item": [{
        "visible": "true",
        "col": "1",
        "type": "RADIO",
        "state": "are regular",
        "stateoption": "are regular:are slightly irregular",
        "impression": "Blighted Ovum (Anembryonic Gestation)"
      }]
    }
  },
  {
    "se": {
      "type": "statement",
      "name": "statement",
      "row": "-1",
      "item": [{
        "visible": "true",
        "col": "1",
        "type": "RADIO",
        "state": "are regular",
        "stateoption": "are regular:are slightly irregular",
        "impression": "Blighted Ovum (Anembryonic Gestation)"
      }]
    }
  },
  {
    "se": {
      "type": "table",
      "name": "selva2",
      "row": "-1",
      "item": [{
        "visible": "true",
        "col": "1",
        "type": "RADIO",
        "state": "are regular",
        "stateoption": "are regular:are slightly irregular",
        "impression": "Blighted Ovum (Anembryonic Gestation)"
      }]
    }
  }
]
